Corporation;Class
Hieneken;Megabrewery
AB/InBev;Megabrewery
Carlsberg;Megabrewery
Distell;Megabrewery
SABMiller;Megabrewery
Tsingtao;National
Asahi;National
Sapporo;National
Molson Coors;Megabrewery
Pabst Brewing Company;Megabrewery
China Resource Enterprise;National
Boston Beer Company;National
Yuengling;National
New Belgium;National
Kirin;National
Gambrinus;National
Diageo;Megabrewery
Moortgat;National
Genesee Brewing Company;National
Oetker Group;National
Greene King Morland Brewery;National
Wells & Young's;National
Marston's;National
San Miguel Corporation;National
