Brewery;Corporation
Birra Dreher;Heineken
Birra Ichnusa;Heineken
Birra Moretti;Heineken
Affligem Brewery;Heineken
Athenian Brewery;Heineken
Amstel Brewery;Heineken
Beamish & Crawford;Heineken
Bochkarev;Heineken
Bralima Brewery;Heineken
Brand Brewery;Heineken
Caledonian Brewery;Heineken
Sociedade Central de Cervejas;Heineken
Grupo Cruzcampo SA;Heineken
De Ridder Brewery;Heineken
Fuerstenberg Brewery;Heineken
Karlovacko;Heineken
Krusovice Brewery;Heineken
Murphy's Brewery;Heineken
Pelforth Brewery;Heineken
Skopje Brewery;Heineken
Starobrno Brewery;Heineken
Zagorka Brewery;Heineken
Zlaty Bazant Brewery;Heineken
Zyweic Brewery;Heineken
Al Ahram Brewery;Heineken
Nigerian Breweries;Heineken
Sedibeng Brewery;Heineken
Almaza Brewery;Heineken
Asia Pacific Breweries;Heineken
DB Breweries;Heineken
Tui Brewery;Heineken
Monteith's;Heineken
Heineken;Heineken
Budweiser;AB/InBev
Grupo Modelo;AB/InBev
Stell Artois;AB/InBev
Beck's Brewery;AB/InBev
Hoegaarden Brewery;AB/InBev
Leffe;AB/InBev
AB/InBev;AB/InBev
Absolut Cut;AB/InBev
Alexander Keith's Brewery;AB/InBev
Andes Brewery;AB/InBev
Antarctica Paulista;AB/InBev
Apatin Brewery;AB/InBev
Aqua Fratelli Vita;AB/InBev
Astika Brewery;AB/InBev
Baisha Brewery;AB/InBev
BagBier;AB/InBev
Bass Brewery;AB/InBev
Baviera Brewery;AB/InBev
Belle-Vue Brewrey;AB/InBev
Bergenbier;AB/InBev
Blue Star;AB/InBev
Boddingtons Brewery;AB/InBev
Bohemia Brewery;AB/InBev
Boorsodi Brewery;AB/InBev
Boomerang Brewery;AB/InBev
Companhia Cervejaria Brahma;AB/InBev
Oriental Brewery;AB/InBev
Castlemaine Perkins;AB/InBev
Chernihivske;AB/InBev
Dommelsch Brewrey;AB/InBev
Spaten-Franziskaner-Braeu;AB/InBev
Goose Island Brewery;AB/InBev
Hertog Jan Brewery;AB/InBev
Brasserie Piedboeuf;AB/InBev
Kamenitza;AB/InBev
Labatt Brewing Company;AB/InBev
Lakeport Brewing Company;AB/InBev
Loewenbraeu;AB/InBev
Trebjesa Brewery;AB/InBev
Oland Brewery;AB/InBev
United Dutch Breweries;AB/InBev
Cerveceria y Malteria Quilmes;AB/InBev
St. Pauli Brewery;AB/InBev
Zagrebacka Pivovara;AB/InBev
Distell;Distell
SABMiller;SABMiller
Tsingtao;Asahi
Asahi;Asahi
Carlsberg;Carlsberg
FillOutSAB;SABMiller
FillOutCarks;Carlsberg
FillOutAsahi;Asahi
